{
    "chin": [
        [
            494.45737966408717,
            36.10704500659324
        ],
        [
            395.2530577342519,
            59.3325455721845
        ],
        [
            312.49125518625664,
            118.75817476605428
        ],
        [
            258.77493174381897,
            205.33460320883609
        ],
        [
            242.28400422857464,
            305.8779802943886
        ],
        [
            273,
            418
        ],
        [
            278,
            484
        ],
        [
            288,
            548
        ],
        [
            298,
            611
        ],
        [
            320,
            669
        ],
        [
            356,
            721
        ],
        [
            400,
            767
        ],
        [
            449,
            804
        ],
        [
            505,
            819
        ],
        [
            561,
            806
        ],
        [
            607,
            766
        ],
        [
            650,
            721
        ],
        [
            685,
            667
        ],
        [
            709,
            608
        ],
        [
            721,
            543
        ],
        [
            731,
            480
        ],
        [
            737,
            414
        ],
        [
            764.1769483971975,
            288.33536032233405
        ],
        [
            740.9716535754033,
            189.12631003802645
        ],
        [
            681.562881975572,
            106.35240579834624
        ],
        [
            594.9973959041918,
            52.61845017151421
        ]
    ],
    "left_eyebrow": [
        [
            290,
            395
        ],
        [
            327,
            369
        ],
        [
            376,
            369
        ],
        [
            423,
            383
        ],
        [
            466,
            406
        ]
    ],
    "right_eyebrow": [
        [
            553,
            404
        ],
        [
            594,
            381
        ],
        [
            638,
            366
        ],
        [
            685,
            366
        ],
        [
            719,
            392
        ]
    ],
    "nose_bridge": [
        [
            508,
            439
        ],
        [
            509,
            479
        ],
        [
            510,
            518
        ],
        [
            512,
            558
        ]
    ],
    "nose_tip": [
        [
            461,
            594
        ],
        [
            486,
            601
        ],
        [
            511,
            608
        ],
        [
            536,
            601
        ],
        [
            559,
            594
        ]
    ],
    "left_eye": [
        [
            349,
            436
        ],
        [
            381,
            423
        ],
        [
            416,
            422
        ],
        [
            448,
            445
        ],
        [
            414,
            452
        ],
        [
            378,
            453
        ]
    ],
    "right_eye": [
        [
            570,
            443
        ],
        [
            600,
            419
        ],
        [
            635,
            418
        ],
        [
            666,
            430
        ],
        [
            639,
            447
        ],
        [
            604,
            448
        ]
    ],
    "top_lip": [
        [
            422,
            679
        ],
        [
            455,
            668
        ],
        [
            489,
            656
        ],
        [
            511,
            664
        ],
        [
            533,
            656
        ],
        [
            565,
            667
        ],
        [
            600,
            678
        ],
        [
            583,
            680
        ],
        [
            533,
            681
        ],
        [
            511,
            685
        ],
        [
            489,
            682
        ],
        [
            440,
            681
        ]
    ],
    "bottom_lip": [
        [
            600,
            678
        ],
        [
            566,
            709
        ],
        [
            534,
            724
        ],
        [
            511,
            728
        ],
        [
            486,
            725
        ],
        [
            453,
            707
        ],
        [
            422,
            679
        ],
        [
            440,
            681
        ],
        [
            488,
            690
        ],
        [
            510,
            693
        ],
        [
            533,
            689
        ],
        [
            583,
            680
        ]
    ]
}