{
    "chin": [
        [
            312.29362620117615,
            154.3988860559993
        ],
        [
            228.9281432466449,
            212.89341526254086
        ],
        [
            174.2933670383742,
            298.8379027181617
        ],
        [
            156.7069469885937,
            399.1480792964623
        ],
        [
            178.84625612858773,
            498.5526299274116
        ],
        [
            259,
            603
        ],
        [
            287,
            659
        ],
        [
            317,
            712
        ],
        [
            347,
            763
        ],
        [
            385,
            807
        ],
        [
            435,
            841
        ],
        [
            491,
            868
        ],
        [
            551,
            887
        ],
        [
            613,
            877
        ],
        [
            664,
            845
        ],
        [
            694,
            794
        ],
        [
            717,
            739
        ],
        [
            729,
            674
        ],
        [
            725,
            609
        ],
        [
            712,
            545
        ],
        [
            698,
            481
        ],
        [
            677,
            419
        ],
        [
            656.4473700725885,
            287.8462561285877
        ],
        [
            597.9528408660469,
            204.4807731740565
        ],
        [
            512.008353410426,
            149.84599696578582
        ],
        [
            411.6981768321254,
            132.2595769160053
        ]
    ],
    "left_eyebrow": [
        [
            274,
            579
        ],
        [
            293,
            544
        ],
        [
            333,
            525
        ],
        [
            378,
            518
        ],
        [
            426,
            516
        ]
    ],
    "right_eyebrow": [
        [
            496,
            485
        ],
        [
            526,
            451
        ],
        [
            563,
            420
        ],
        [
            608,
            398
        ],
        [
            651,
            409
        ]
    ],
    "nose_bridge": [
        [
            478,
            530
        ],
        [
            493,
            563
        ],
        [
            508,
            597
        ],
        [
            523,
            632
        ]
    ],
    "nose_tip": [
        [
            488,
            683
        ],
        [
            514,
            681
        ],
        [
            541,
            677
        ],
        [
            560,
            663
        ],
        [
            579,
            648
        ]
    ],
    "left_eye": [
        [
            341,
            593
        ],
        [
            361,
            569
        ],
        [
            392,
            555
        ],
        [
            426,
            562
        ],
        [
            401,
            583
        ],
        [
            370,
            595
        ]
    ],
    "right_eye": [
        [
            539,
            511
        ],
        [
            555,
            481
        ],
        [
            585,
            467
        ],
        [
            616,
            468
        ],
        [
            599,
            493
        ],
        [
            569,
            505
        ]
    ],
    "top_lip": [
        [
            480,
            779
        ],
        [
            506,
            758
        ],
        [
            529,
            738
        ],
        [
            553,
            736
        ],
        [
            569,
            721
        ],
        [
            598,
            719
        ],
        [
            635,
            717
        ],
        [
            622,
            723
        ],
        [
            577,
            741
        ],
        [
            559,
            752
        ],
        [
            537,
            757
        ],
        [
            495,
            775
        ]
    ],
    "bottom_lip": [
        [
            635,
            717
        ],
        [
            616,
            748
        ],
        [
            595,
            766
        ],
        [
            576,
            777
        ],
        [
            554,
            785
        ],
        [
            522,
            787
        ],
        [
            480,
            779
        ],
        [
            495,
            775
        ],
        [
            543,
            757
        ],
        [
            564,
            751
        ],
        [
            582,
            740
        ],
        [
            622,
            723
        ]
    ]
}